{
   "back" : {
      "R" : [
         -0.99970340728759766,
         0.024339264258742332,
         0.00080740469275042415,
         0.012250184081494808,
         0.53126174211502075,
         -0.84711921215057373,
         -0.021047201007604599,
         -0.84685808420181274,
         -0.5314023494720459
      ],
      "detected_points" : [
         365.0,
         444.0,
         465.0,
         439.0,
         784.0,
         434.0,
         888.0,
         438.0,
         274.0,
         519.0,
         384.0,
         526.0,
         864.0,
         520.0,
         980.0,
         511.0
      ],
      "t" : [ -1.539725661277771, 216.69682312011719, -144.8682861328125 ],
      "corner_points": [
         113.0,
         80.0,
         203.0,
         80.0,
         413.0,
         80.0,
         503.0,
         80.0,
         113.0,
         170.0,
         203.0,
         170.0,
         413.0,
         170.0,
         503.0,
         170.0
      ]
   },
   "fish_scale" : 0.5,
   "fisheye_model_coeff" : {
      "undis_params_1" : [
         0.11573197,
         -0.02459478,
         0.0057004100000000004,
         -0.0011708599999999999
      ],
      "undis_params_inverse_2" : [
         -0.046010740000000001,
         -0.14451512999999999,
         0.070016729999999999,
         -0.0089671000000000004
      ],
      "undis_params_inverse_4" : [
         -0.16825552999999999,
         -0.073331779999999999,
         0.045960069999999999,
         -0.00621837
      ]
   },
   "front" : {
      "R" : [
         0.99894803762435913,
         0.044604428112506866,
         -0.010642779991030693,
         0.00088414427591487765,
         -0.25077983736991882,
         -0.9680437445640564,
         -0.04584803432226181,
         0.96701598167419434,
         -0.25055545568466187
      ],
      "detected_points" : [
         413.0,
         495.0,
         514.0,
         498.0,
         810.0,
         499.0,
         908.0,
         496.0,
         317.0,
         541.0,
         432.0,
         557.0,
         892.0,
         559.0,
         1006.0,
         543.0
      ],
      "t" : [ -3.3337435722351074, 137.40582275390625, -181.66047668457031 ],
      "corner_points": [
         113.0,
         80.0,
         203.0,
         80.0,
         413.0,
         80.0,
         503.0,
         80.0,
         113.0,
         170.0,
         203.0,
         170.0,
         413.0,
         170.0,
         503.0,
         170.0
      ]
   },
   "intrinsic_undis" : [
      158.33332824707031,
      0.0,
      992.0,
      0.0,
      158.33332824707031,
      744.0,
      0.0,
      0.0,
      1.0
   ],
   "left" : {
      "R" : [
         0.010836858302354813,
         0.99977993965148926,
         -0.017963428050279617,
         0.6369558572769165,
         -0.02075016126036644,
         -0.77062094211578369,
         -0.77082407474517822,
         -0.0030908004846423864,
         -0.63704055547714233
      ],
      "detected_points" : [
         211.0,
         478.0,
         250.0,
         479.0,
         990.0,
         464.0,
         1044.0,
         464.0,
         147.0,
         554.0,
         172.0,
         570.0,
         1082.0,
         565.0,
         1120.0,
         544.0
      ],
      "t" : [ -42.087596893310547, 157.81375122070312, 0.57439082860946655 ],
      "corner_points":[
         80.0,
         113.0,
         170.0,
         113.0,
         710.0,
         113.0,
         800.0,
         113.0,
         80.0,
         203.0,
         170.0,
         203.0,
         710.0,
         203.0,
         800.0,
         203.0
      ]
   },
   "right" : {
      "R" : [
         0.051650144159793854,
         -0.99768316745758057,
         -0.044278264045715332,
         -0.60231435298919678,
         0.0042452355846762657,
         -0.79824769496917725,
         0.79658627510070801,
         0.067899040877819061,
         -0.60069960355758667
      ],
      "detected_points" : [
         268.0,
         474.0,
         322.0,
         475.0,
         1059.0,
         476.0,
         1098.0,
         475.0,
         192.0,
         556.0,
         229.0,
         578.0,
         1140.0,
         562.0,
         1166.0,
         546.0
      ],
      "t" : [ 47.601749420166016, 153.52558898925781, -7.5748639106750488 ],
      "corner_points":[
         80.0,
         113.0,
         170.0,
         113.0,
         710.0,
         113.0,
         800.0,
         113.0,
         80.0,
         203.0,
         170.0,
         203.0,
         710.0,
         203.0,
         800.0,
         203.0
      ]
   }
}
